Workbook

Sheet Kano · Tallyrow
A1: Kano · Tallyrow
A2: Paste the 12 answer columns (values only) into B19. Categories fill from the Evaluation table; the summary and chart update.
A4: Feature | B4: Must-be | C4: One-dimensional | D4: Attractive | E4: Indifferent | F4: Reverse | G4: Top category | H4: Runner-up | I4: Q dropped | J4: Valid
A5: Payment link | B5: =IF($J5=0,"",COUNTIF($N$19:$N$168,"M")/$J5) | C5: =IF($J5=0,"",COUNTIF($N$19:$N$168,"O")/$J5) | D5: =IF($J5=0,"",COUNTIF($N$19:$N$168,"A")/$J5) | E5: =IF($J5=0,"",COUNTIF($N$19:$N$168,"I")/$J5) | F5: =IF($J5=0,"",COUNTIF($N$19:$N$168,"R")/$J5) | G5: =IF($J5=0,"",INDEX($B$4:$F$4,MATCH(MAX($B5:$F5),$B5:$F5,0))) | H5: =IF($J5=0,"",INDEX($B$4:$F$4,MATCH(LARGE($B5:$F5,2),$B5:$F5,0))) | I5: =COUNTIF($N$19:$N$168,"Q") | J5: =COUNTIF($N$19:$N$168,"M")+COUNTIF($N$19:$N$168,"O")+COUNTIF($N$19:$N$168,"A")+COUNTIF($N$19:$N$168,"I")+COUNTIF($N$19:$N$168,"R")
A6: Recurring invoices | B6: =IF($J6=0,"",COUNTIF($O$19:$O$168,"M")/$J6) | C6: =IF($J6=0,"",COUNTIF($O$19:$O$168,"O")/$J6) | D6: =IF($J6=0,"",COUNTIF($O$19:$O$168,"A")/$J6) | E6: =IF($J6=0,"",COUNTIF($O$19:$O$168,"I")/$J6) | F6: =IF($J6=0,"",COUNTIF($O$19:$O$168,"R")/$J6) | G6: =IF($J6=0,"",INDEX($B$4:$F$4,MATCH(MAX($B6:$F6),$B6:$F6,0))) | H6: =IF($J6=0,"",INDEX($B$4:$F$4,MATCH(LARGE($B6:$F6,2),$B6:$F6,0))) | I6: =COUNTIF($O$19:$O$168,"Q") | J6: =COUNTIF($O$19:$O$168,"M")+COUNTIF($O$19:$O$168,"O")+COUNTIF($O$19:$O$168,"A")+COUNTIF($O$19:$O$168,"I")+COUNTIF($O$19:$O$168,"R")
A7: Smart reminders | B7: =IF($J7=0,"",COUNTIF($P$19:$P$168,"M")/$J7) | C7: =IF($J7=0,"",COUNTIF($P$19:$P$168,"O")/$J7) | D7: =IF($J7=0,"",COUNTIF($P$19:$P$168,"A")/$J7) | E7: =IF($J7=0,"",COUNTIF($P$19:$P$168,"I")/$J7) | F7: =IF($J7=0,"",COUNTIF($P$19:$P$168,"R")/$J7) | G7: =IF($J7=0,"",INDEX($B$4:$F$4,MATCH(MAX($B7:$F7),$B7:$F7,0))) | H7: =IF($J7=0,"",INDEX($B$4:$F$4,MATCH(LARGE($B7:$F7,2),$B7:$F7,0))) | I7: =COUNTIF($P$19:$P$168,"Q") | J7: =COUNTIF($P$19:$P$168,"M")+COUNTIF($P$19:$P$168,"O")+COUNTIF($P$19:$P$168,"A")+COUNTIF($P$19:$P$168,"I")+COUNTIF($P$19:$P$168,"R")
A8: Client portal | B8: =IF($J8=0,"",COUNTIF($Q$19:$Q$168,"M")/$J8) | C8: =IF($J8=0,"",COUNTIF($Q$19:$Q$168,"O")/$J8) | D8: =IF($J8=0,"",COUNTIF($Q$19:$Q$168,"A")/$J8) | E8: =IF($J8=0,"",COUNTIF($Q$19:$Q$168,"I")/$J8) | F8: =IF($J8=0,"",COUNTIF($Q$19:$Q$168,"R")/$J8) | G8: =IF($J8=0,"",INDEX($B$4:$F$4,MATCH(MAX($B8:$F8),$B8:$F8,0))) | H8: =IF($J8=0,"",INDEX($B$4:$F$4,MATCH(LARGE($B8:$F8,2),$B8:$F8,0))) | I8: =COUNTIF($Q$19:$Q$168,"Q") | J8: =COUNTIF($Q$19:$Q$168,"M")+COUNTIF($Q$19:$Q$168,"O")+COUNTIF($Q$19:$Q$168,"A")+COUNTIF($Q$19:$Q$168,"I")+COUNTIF($Q$19:$Q$168,"R")
A9: Receipt capture | B9: =IF($J9=0,"",COUNTIF($R$19:$R$168,"M")/$J9) | C9: =IF($J9=0,"",COUNTIF($R$19:$R$168,"O")/$J9) | D9: =IF($J9=0,"",COUNTIF($R$19:$R$168,"A")/$J9) | E9: =IF($J9=0,"",COUNTIF($R$19:$R$168,"I")/$J9) | F9: =IF($J9=0,"",COUNTIF($R$19:$R$168,"R")/$J9) | G9: =IF($J9=0,"",INDEX($B$4:$F$4,MATCH(MAX($B9:$F9),$B9:$F9,0))) | H9: =IF($J9=0,"",INDEX($B$4:$F$4,MATCH(LARGE($B9:$F9,2),$B9:$F9,0))) | I9: =COUNTIF($R$19:$R$168,"Q") | J9: =COUNTIF($R$19:$R$168,"M")+COUNTIF($R$19:$R$168,"O")+COUNTIF($R$19:$R$168,"A")+COUNTIF($R$19:$R$168,"I")+COUNTIF($R$19:$R$168,"R")
A10: Late-fee automation | B10: =IF($J10=0,"",COUNTIF($S$19:$S$168,"M")/$J10) | C10: =IF($J10=0,"",COUNTIF($S$19:$S$168,"O")/$J10) | D10: =IF($J10=0,"",COUNTIF($S$19:$S$168,"A")/$J10) | E10: =IF($J10=0,"",COUNTIF($S$19:$S$168,"I")/$J10) | F10: =IF($J10=0,"",COUNTIF($S$19:$S$168,"R")/$J10) | G10: =IF($J10=0,"",INDEX($B$4:$F$4,MATCH(MAX($B10:$F10),$B10:$F10,0))) | H10: =IF($J10=0,"",INDEX($B$4:$F$4,MATCH(LARGE($B10:$F10,2),$B10:$F10,0))) | I10: =COUNTIF($S$19:$S$168,"Q") | J10: =COUNTIF($S$19:$S$168,"M")+COUNTIF($S$19:$S$168,"O")+COUNTIF($S$19:$S$168,"A")+COUNTIF($S$19:$S$168,"I")+COUNTIF($S$19:$S$168,"R")
A12: Read the runner-up too: two close categories = contested, not settled. Many Q? Rewrite the question.
A18: # | B18: Payment link · with | C18: Payment link · without | D18: Recurring invoices · with | E18: Recurring invoices · without | F18: Smart reminders · with | G18: Smart reminders · without | H18: Client portal · with | I18: Client portal · without | J18: Receipt capture · with | K18: Receipt capture · without | L18: Late-fee automation · with | M18: Late-fee automation · without | N18: Payment link · category | O18: Recurring invoices · category | P18: Smart reminders · category | Q18: Client portal · category | R18: Receipt capture · category | S18: Late-fee automation · category
A19: 1 | B19: I'm neutral | C19: I dislike it | D19: I expect it | E19: I dislike it | F19: I like it | G19: I'm neutral | H19: I like it | I19: I dislike it | J19: I expect it | K19: I dislike it | L19: I dislike it | M19: I like it | N19: =IF(OR(B19="",C19=""),"",IFERROR(INDEX('Evaluation table'!$B$4:$F$8,MATCH(TRIM(SUBSTITUTE(B19,"’","'")),'Evaluation table'!$A$4:$A$8,0),MATCH(TRIM(SUBSTITUTE(C19,"’","'")),'Evaluation table'!$B$3:$F$3,0)),"?")) | O19: =IF(OR(D19="",E19=""),"",IFERROR(INDEX('Evaluation table'!$B$4:$F$8,MATCH(TRIM(SUBSTITUTE(D19,"’","'")),'Evaluation table'!$A$4:$A$8,0),MATCH(TRIM(SUBSTITUTE(E19,"’","'")),'Evaluation table'!$B$3:$F$3,0)),"?")) | P19: =IF(OR(F19="",G19=""),"",IFERROR(INDEX('Evaluation table'!$B$4:$F$8,MATCH(TRIM(SUBSTITUTE(F19,"’","'")),'Evaluation table'!$A$4:$A$8,0),MATCH(TRIM(SUBSTITUTE(G19,"’","'")),'Evaluation table'!$B$3:$F$3,0)),"?")) | Q19: =IF(OR(H19="",I19=""),"",IFERROR(INDEX('Evaluation table'!$B$4:$F$8,MATCH(TRIM(SUBSTITUTE(H19,"’","'")),'Evaluation table'!$A$4:$A$8,0),MATCH(TRIM(SUBSTITUTE(I19,"’","'")),'Evaluation table'!$B$3:$F$3,0)),"?")) | R19: =IF(OR(J19="",K19=""),"",IFERROR(INDEX('Evaluation table'!$B$4:$F$8,MATCH(TRIM(SUBSTITUTE(J19,"’","'")),'Evaluation table'!$A$4:$A$8,0),MATCH(TRIM(SUBSTITUTE(K19,"’","'")),'Evaluation table'!$B$3:$F$3,0)),"?")) | S19: =IF(OR(L19="",M19=""),"",IFERROR(INDEX('Evaluation table'!$B$4:$F$8,MATCH(TRIM(SUBSTITUTE(L19,"’","'")),'Evaluation table'!$A$4:$A$8,0),MATCH(TRIM(SUBSTITUTE(M19,"’","'")),'Evaluation table'!$B$3:$F$3,0)),"?"))
A20: 2 | B20: I like it | C20: I dislike it | D20: I like it | E20: I dislike it | F20: I like it | G20: I'm neutral | H20: I dislike it | I20: I'm neutral | J20: I expect it | K20: I'm neutral | L20: I dislike it | M20: I'm neutral | N20: =IF(OR(B20="",C20=""),"",IFERROR(INDEX('Evaluation table'!$B$4:$F$8,MATCH(TRIM(SUBSTITUTE(B20,"’","'")),'Evaluation table'!$A$4:$A$8,0),MATCH(TRIM(SUBSTITUTE(C20,"’","'")),'Evaluation table'!$B$3:$F$3,0)),"?")) | O20: =IF(OR(D20="",E20=""),"",IFERROR(INDEX('Evaluation table'!$B$4:$F$8,MATCH(TRIM(SUBSTITUTE(D20,"’","'")),'Evaluation table'!$A$4:$A$8,0),MATCH(TRIM(SUBSTITUTE(E20,"’","'")),'Evaluation table'!$B$3:$F$3,0)),"?")) | P20: =IF(OR(F20="",G20=""),"",IFERROR(INDEX('Evaluation table'!$B$4:$F$8,MATCH(TRIM(SUBSTITUTE(F20,"’","'")),'Evaluation table'!$A$4:$A$8,0),MATCH(TRIM(SUBSTITUTE(G20,"’","'")),'Evaluation table'!$B$3:$F$3,0)),"?")) | Q20: =IF(OR(H20="",I20=""),"",IFERROR(INDEX('Evaluation table'!$B$4:$F$8,MATCH(TRIM(SUBSTITUTE(H20,"’","'")),'Evaluation table'!$A$4:$A$8,0),MATCH(TRIM(SUBSTITUTE(I20,"’","'")),'Evaluation table'!$B$3:$F$3,0)),"?")) | R20: =IF(OR(J20="",K20=""),"",IFERROR(INDEX('Evaluation table'!$B$4:$F$8,MATCH(TRIM(SUBSTITUTE(J20,"’","'")),'Evaluation table'!$A$4:$A$8,0),MATCH(TRIM(SUBSTITUTE(K20,"’","'")),'Evaluation table'!$B$3:$F$3,0)),"?")) | S20: =IF(OR(L20="",M20=""),"",IFERROR(INDEX('Evaluation table'!$B$4:$F$8,MATCH(TRIM(SUBSTITUTE(L20,"’","'")),'Evaluation table'!$A$4:$A$8,0),MATCH(TRIM(SUBSTITUTE(M20,"’","'")),'Evaluation table'!$B$3:$F$3,0)),"?"))
A21: 3 | B21: I expect it | C21: I'm neutral | D21: I like it | E21: I dislike it | F21: I can tolerate it | G21: I can tolerate it | H21: I like it | I21: I can tolerate it | J21: I expect it | K21: I'm neutral | L21: I like it | M21: I'm neutral | N21: =IF(OR(B21="",C21=""),"",IFERROR(INDEX('Evaluation table'!$B$4:$F$8,MATCH(TRIM(SUBSTITUTE(B21,"’","'")),'Evaluation table'!$A$4:$A$8,0),MATCH(TRIM(SUBSTITUTE(C21,"’","'")),'Evaluation table'!$B$3:$F$3,0)),"?")) | O21: =IF(OR(D21="",E21=""),"",IFERROR(INDEX('Evaluation table'!$B$4:$F$8,MATCH(TRIM(SUBSTITUTE(D21,"’","'")),'Evaluation table'!$A$4:$A$8,0),MATCH(TRIM(SUBSTITUTE(E21,"’","'")),'Evaluation table'!$B$3:$F$3,0)),"?")) | P21: =IF(OR(F21="",G21=""),"",IFERROR(INDEX('Evaluation table'!$B$4:$F$8,MATCH(TRIM(SUBSTITUTE(F21,"’","'")),'Evaluation table'!$A$4:$A$8,0),MATCH(TRIM(SUBSTITUTE(G21,"’","'")),'Evaluation table'!$B$3:$F$3,0)),"?")) | Q21: =IF(OR(H21="",I21=""),"",IFERROR(INDEX('Evaluation table'!$B$4:$F$8,MATCH(TRIM(SUBSTITUTE(H21,"’","'")),'Evaluation table'!$A$4:$A$8,0),MATCH(TRIM(SUBSTITUTE(I21,"’","'")),'Evaluation table'!$B$3:$F$3,0)),"?")) | R21: =IF(OR(J21="",K21=""),"",IFERROR(INDEX('Evaluation table'!$B$4:$F$8,MATCH(TRIM(SUBSTITUTE(J21,"’","'")),'Evaluation table'!$A$4:$A$8,0),MATCH(TRIM(SUBSTITUTE(K21,"’","'")),'Evaluation table'!$B$3:$F$3,0)),"?")) | S21: =IF(OR(L21="",M21=""),"",IFERROR(INDEX('Evaluation table'!$B$4:$F$8,MATCH(TRIM(SUBSTITUTE(L21,"’","'")),'Evaluation table'!$A$4:$A$8,0),MATCH(TRIM(SUBSTITUTE(M21,"’","'")),'Evaluation table'!$B$3:$F$3,0)),"?"))
A22: 4 | B22: I like it | C22: I dislike it | D22: I expect it | E22: I dislike it | F22: I dislike it | G22: I like it | H22: I like it | I22: I expect it | J22: I like it | K22: I'm neutral | L22: I dislike it | M22: I'm neutral | N22: =IF(OR(B22="",C22=""),"",IFERROR(INDEX('Evaluation table'!$B$4:$F$8,MATCH(TRIM(SUBSTITUTE(B22,"’","'")),'Evaluation table'!$A$4:$A$8,0),MATCH(TRIM(SUBSTITUTE(C22,"’","'")),'Evaluation table'!$B$3:$F$3,0)),"?")) | O22: =IF(OR(D22="",E22=""),"",IFERROR(INDEX('Evaluation table'!$B$4:$F$8,MATCH(TRIM(SUBSTITUTE(D22,"’","'")),'Evaluation table'!$A$4:$A$8,0),MATCH(TRIM(SUBSTITUTE(E22,"’","'")),'Evaluation table'!$B$3:$F$3,0)),"?")) | P22: =IF(OR(F22="",G22=""),"",IFERROR(INDEX('Evaluation table'!$B$4:$F$8,MATCH(TRIM(SUBSTITUTE(F22,"’","'")),'Evaluation table'!$A$4:$A$8,0),MATCH(TRIM(SUBSTITUTE(G22,"’","'")),'Evaluation table'!$B$3:$F$3,0)),"?")) | Q22: =IF(OR(H22="",I22=""),"",IFERROR(INDEX('Evaluation table'!$B$4:$F$8,MATCH(TRIM(SUBSTITUTE(H22,"’","'")),'Evaluation table'!$A$4:$A$8,0),MATCH(TRIM(SUBSTITUTE(I22,"’","'")),'Evaluation table'!$B$3:$F$3,0)),"?")) | R22: =IF(OR(J22="",K22=""),"",IFERROR(INDEX('Evaluation table'!$B$4:$F$8,MATCH(TRIM(SUBSTITUTE(J22,"’","'")),'Evaluation table'!$A$4:$A$8,0),MATCH(TRIM(SUBSTITUTE(K22,"’","'")),'Evaluation table'!$B$3:$F$3,0)),"?")) | S22: =IF(OR(L22="",M22=""),"",IFERROR(INDEX('Evaluation table'!$B$4:$F$8,MATCH(TRIM(SUBSTITUTE(L22,"’","'")),'Evaluation table'!$A$4:$A$8,0),MATCH(TRIM(SUBSTITUTE(M22,"’","'")),'Evaluation table'!$B$3:$F$3,0)),"?"))
A23: 5 | B23: I can tolerate it | C23: I dislike it | D23: I'm neutral | E23: I'm neutral | F23: I like it | G23: I can tolerate it | H23: I'm neutral | I23: I'm neutral | J23: I'm neutral | K23: I'm neutral | L23: I like it | M23: I expect it | N23: =IF(OR(B23="",C23=""),"",IFERROR(INDEX('Evaluation table'!$B$4:$F$8,MATCH(TRIM(SUBSTITUTE(B23,"’","'")),'Evaluation table'!$A$4:$A$8,0),MATCH(TRIM(SUBSTITUTE(C23,"’","'")),'Evaluation table'!$B$3:$F$3,0)),"?")) | O23: =IF(OR(D23="",E23=""),"",IFERROR(INDEX('Evaluation table'!$B$4:$F$8,MATCH(TRIM(SUBSTITUTE(D23,"’","'")),'Evaluation table'!$A$4:$A$8,0),MATCH(TRIM(SUBSTITUTE(E23,"’","'")),'Evaluation table'!$B$3:$F$3,0)),"?")) | P23: =IF(OR(F23="",G23=""),"",IFERROR(INDEX('Evaluation table'!$B$4:$F$8,MATCH(TRIM(SUBSTITUTE(F23,"’","'")),'Evaluation table'!$A$4:$A$8,0),MATCH(TRIM(SUBSTITUTE(G23,"’","'")),'Evaluation table'!$B$3:$F$3,0)),"?")) | Q23: =IF(OR(H23="",I23=""),"",IFERROR(INDEX('Evaluation table'!$B$4:$F$8,MATCH(TRIM(SUBSTITUTE(H23,"’","'")),'Evaluation table'!$A$4:$A$8,0),MATCH(TRIM(SUBSTITUTE(I23,"’","'")),'Evaluation table'!$B$3:$F$3,0)),"?")) | R23: =IF(OR(J23="",K23=""),"",IFERROR(INDEX('Evaluation table'!$B$4:$F$8,MATCH(TRIM(SUBSTITUTE(J23,"’","'")),'Evaluation table'!$A$4:$A$8,0),MATCH(TRIM(SUBSTITUTE(K23,"’","'")),'Evaluation table'!$B$3:$F$3,0)),"?")) | S23: =IF(OR(L23="",M23=""),"",IFERROR(INDEX('Evaluation table'!$B$4:$F$8,MATCH(TRIM(SUBSTITUTE(L23,"’","'")),'Evaluation table'!$A$4:$A$8,0),MATCH(TRIM(SUBSTITUTE(M23,"’","'")),'Evaluation table'!$B$3:$F$3,0)),"?"))
A24: 6 | B24: I like it | C24: I'm neutral | D24: I can tolerate it | E24: I dislike it | F24: I expect it | G24: I'm neutral | H24: I like it | I24: I'm neutral | J24: I like it | K24: I'm neutral | L24: I like it | M24: I'm neutral | N24: =IF(OR(B24="",C24=""),"",IFERROR(INDEX('Evaluation table'!$B$4:$F$8,MATCH(TRIM(SUBSTITUTE(B24,"’","'")),'Evaluation table'!$A$4:$A$8,0),MATCH(TRIM(SUBSTITUTE(C24,"’","'")),'Evaluation table'!$B$3:$F$3,0)),"?")) | O24: =IF(OR(D24="",E24=""),"",IFERROR(INDEX('Evaluation table'!$B$4:$F$8,MATCH(TRIM(SUBSTITUTE(D24,"’","'")),'Evaluation table'!$A$4:$A$8,0),MATCH(TRIM(SUBSTITUTE(E24,"’","'")),'Evaluation table'!$B$3:$F$3,0)),"?")) | P24: =IF(OR(F24="",G24=""),"",IFERROR(INDEX('Evaluation table'!$B$4:$F$8,MATCH(TRIM(SUBSTITUTE(F24,"’","'")),'Evaluation table'!$A$4:$A$8,0),MATCH(TRIM(SUBSTITUTE(G24,"’","'")),'Evaluation table'!$B$3:$F$3,0)),"?")) | Q24: =IF(OR(H24="",I24=""),"",IFERROR(INDEX('Evaluation table'!$B$4:$F$8,MATCH(TRIM(SUBSTITUTE(H24,"’","'")),'Evaluation table'!$A$4:$A$8,0),MATCH(TRIM(SUBSTITUTE(I24,"’","'")),'Evaluation table'!$B$3:$F$3,0)),"?")) | R24: =IF(OR(J24="",K24=""),"",IFERROR(INDEX('Evaluation table'!$B$4:$F$8,MATCH(TRIM(SUBSTITUTE(J24,"’","'")),'Evaluation table'!$A$4:$A$8,0),MATCH(TRIM(SUBSTITUTE(K24,"’","'")),'Evaluation table'!$B$3:$F$3,0)),"?")) | S24: =IF(OR(L24="",M24=""),"",IFERROR(INDEX('Evaluation table'!$B$4:$F$8,MATCH(TRIM(SUBSTITUTE(L24,"’","'")),'Evaluation table'!$A$4:$A$8,0),MATCH(TRIM(SUBSTITUTE(M24,"’","'")),'Evaluation table'!$B$3:$F$3,0)),"?"))
A25: 7 | B25: I expect it | C25: I dislike it | D25: I expect it | E25: I dislike it | F25: I like it | G25: I can tolerate it | H25: I can tolerate it | I25: I'm neutral | J25: I like it | K25: I'm neutral | L25: I dislike it | M25: I like it | N25: =IF(OR(B25="",C25=""),"",IFERROR(INDEX('Evaluation table'!$B$4:$F$8,MATCH(TRIM(SUBSTITUTE(B25,"’","'")),'Evaluation table'!$A$4:$A$8,0),MATCH(TRIM(SUBSTITUTE(C25,"’","'")),'Evaluation table'!$B$3:$F$3,0)),"?")) | O25: =IF(OR(D25="",E25=""),"",IFERROR(INDEX('Evaluation table'!$B$4:$F$8,MATCH(TRIM(SUBSTITUTE(D25,"’","'")),'Evaluation table'!$A$4:$A$8,0),MATCH(TRIM(SUBSTITUTE(E25,"’","'")),'Evaluation table'!$B$3:$F$3,0)),"?")) | P25: =IF(OR(F25="",G25=""),"",IFERROR(INDEX('Evaluation table'!$B$4:$F$8,MATCH(TRIM(SUBSTITUTE(F25,"’","'")),'Evaluation table'!$A$4:$A$8,0),MATCH(TRIM(SUBSTITUTE(G25,"’","'")),'Evaluation table'!$B$3:$F$3,0)),"?")) | Q25: =IF(OR(H25="",I25=""),"",IFERROR(INDEX('Evaluation table'!$B$4:$F$8,MATCH(TRIM(SUBSTITUTE(H25,"’","'")),'Evaluation table'!$A$4:$A$8,0),MATCH(TRIM(SUBSTITUTE(I25,"’","'")),'Evaluation table'!$B$3:$F$3,0)),"?")) | R25: =IF(OR(J25="",K25=""),"",IFERROR(INDEX('Evaluation table'!$B$4:$F$8,MATCH(TRIM(SUBSTITUTE(J25,"’","'")),'Evaluation table'!$A$4:$A$8,0),MATCH(TRIM(SUBSTITUTE(K25,"’","'")),'Evaluation table'!$B$3:$F$3,0)),"?")) | S25: =IF(OR(L25="",M25=""),"",IFERROR(INDEX('Evaluation table'!$B$4:$F$8,MATCH(TRIM(SUBSTITUTE(L25,"’","'")),'Evaluation table'!$A$4:$A$8,0),MATCH(TRIM(SUBSTITUTE(M25,"’","'")),'Evaluation table'!$B$3:$F$3,0)),"?"))
A26: 8 | B26: I like it | C26: I dislike it | D26: I can tolerate it | E26: I'm neutral | F26: I like it | G26: I dislike it | H26: I like it | I26: I expect it | J26: I'm neutral | K26: I can tolerate it | L26: I'm neutral | M26: I like it | N26: =IF(OR(B26="",C26=""),"",IFERROR(INDEX('Evaluation table'!$B$4:$F$8,MATCH(TRIM(SUBSTITUTE(B26,"’","'")),'Evaluation table'!$A$4:$A$8,0),MATCH(TRIM(SUBSTITUTE(C26,"’","'")),'Evaluation table'!$B$3:$F$3,0)),"?")) | O26: =IF(OR(D26="",E26=""),"",IFERROR(INDEX('Evaluation table'!$B$4:$F$8,MATCH(TRIM(SUBSTITUTE(D26,"’","'")),'Evaluation table'!$A$4:$A$8,0),MATCH(TRIM(SUBSTITUTE(E26,"’","'")),'Evaluation table'!$B$3:$F$3,0)),"?")) | P26: =IF(OR(F26="",G26=""),"",IFERROR(INDEX('Evaluation table'!$B$4:$F$8,MATCH(TRIM(SUBSTITUTE(F26,"’","'")),'Evaluation table'!$A$4:$A$8,0),MATCH(TRIM(SUBSTITUTE(G26,"’","'")),'Evaluation table'!$B$3:$F$3,0)),"?")) | Q26: =IF(OR(H26="",I26=""),"",IFERROR(INDEX('Evaluation table'!$B$4:$F$8,MATCH(TRIM(SUBSTITUTE(H26,"’","'")),'Evaluation table'!$A$4:$A$8,0),MATCH(TRIM(SUBSTITUTE(I26,"’","'")),'Evaluation table'!$B$3:$F$3,0)),"?")) | R26: =IF(OR(J26="",K26=""),"",IFERROR(INDEX('Evaluation table'!$B$4:$F$8,MATCH(TRIM(SUBSTITUTE(J26,"’","'")),'Evaluation table'!$A$4:$A$8,0),MATCH(TRIM(SUBSTITUTE(K26,"’","'")),'Evaluation table'!$B$3:$F$3,0)),"?")) | S26: =IF(OR(L26="",M26=""),"",IFERROR(INDEX('Evaluation table'!$B$4:$F$8,MATCH(TRIM(SUBSTITUTE(L26,"’","'")),'Evaluation table'!$A$4:$A$8,0),MATCH(TRIM(SUBSTITUTE(M26,"’","'")),'Evaluation table'!$B$3:$F$3,0)),"?"))
A27: 9 | B27: I can tolerate it | C27: I dislike it | D27: I like it | E27: I dislike it | F27: I like it | G27: I dislike it | H27: I'm neutral | I27: I like it | J27: I'm neutral | K27: I'm neutral | L27: I dislike it | M27: I can tolerate it | N27: =IF(OR(B27="",C27=""),"",IFERROR(INDEX('Evaluation table'!$B$4:$F$8,MATCH(TRIM(SUBSTITUTE(B27,"’","'")),'Evaluation table'!$A$4:$A$8,0),MATCH(TRIM(SUBSTITUTE(C27,"’","'")),'Evaluation table'!$B$3:$F$3,0)),"?")) | O27: =IF(OR(D27="",E27=""),"",IFERROR(INDEX('Evaluation table'!$B$4:$F$8,MATCH(TRIM(SUBSTITUTE(D27,"’","'")),'Evaluation table'!$A$4:$A$8,0),MATCH(TRIM(SUBSTITUTE(E27,"’","'")),'Evaluation table'!$B$3:$F$3,0)),"?")) | P27: =IF(OR(F27="",G27=""),"",IFERROR(INDEX('Evaluation table'!$B$4:$F$8,MATCH(TRIM(SUBSTITUTE(F27,"’","'")),'Evaluation table'!$A$4:$A$8,0),MATCH(TRIM(SUBSTITUTE(G27,"’","'")),'Evaluation table'!$B$3:$F$3,0)),"?")) | Q27: =IF(OR(H27="",I27=""),"",IFERROR(INDEX('Evaluation table'!$B$4:$F$8,MATCH(TRIM(SUBSTITUTE(H27,"’","'")),'Evaluation table'!$A$4:$A$8,0),MATCH(TRIM(SUBSTITUTE(I27,"’","'")),'Evaluation table'!$B$3:$F$3,0)),"?")) | R27: =IF(OR(J27="",K27=""),"",IFERROR(INDEX('Evaluation table'!$B$4:$F$8,MATCH(TRIM(SUBSTITUTE(J27,"’","'")),'Evaluation table'!$A$4:$A$8,0),MATCH(TRIM(SUBSTITUTE(K27,"’","'")),'Evaluation table'!$B$3:$F$3,0)),"?")) | S27: =IF(OR(L27="",M27=""),"",IFERROR(INDEX('Evaluation table'!$B$4:$F$8,MATCH(TRIM(SUBSTITUTE(L27,"’","'")),'Evaluation table'!$A$4:$A$8,0),MATCH(TRIM(SUBSTITUTE(M27,"’","'")),'Evaluation table'!$B$3:$F$3,0)),"?"))
A28: 10 | B28: I'm neutral | C28: I can tolerate it | D28: I like it | E28: I dislike it | F28: I like it | G28: I can tolerate it | H28: I'm neutral | I28: I'm neutral | J28: I'm neutral | K28: I'm neutral | L28: I expect it | M28: I'm neutral | N28: =IF(OR(B28="",C28=""),"",IFERROR(INDEX('Evaluation table'!$B$4:$F$8,MATCH(TRIM(SUBSTITUTE(B28,"’","'")),'Evaluation table'!$A$4:$A$8,0),MATCH(TRIM(SUBSTITUTE(C28,"’","'")),'Evaluation table'!$B$3:$F$3,0)),"?")) | O28: =IF(OR(D28="",E28=""),"",IFERROR(INDEX('Evaluation table'!$B$4:$F$8,MATCH(TRIM(SUBSTITUTE(D28,"’","'")),'Evaluation table'!$A$4:$A$8,0),MATCH(TRIM(SUBSTITUTE(E28,"’","'")),'Evaluation table'!$B$3:$F$3,0)),"?")) | P28: =IF(OR(F28="",G28=""),"",IFERROR(INDEX('Evaluation table'!$B$4:$F$8,MATCH(TRIM(SUBSTITUTE(F28,"’","'")),'Evaluation table'!$A$4:$A$8,0),MATCH(TRIM(SUBSTITUTE(G28,"’","'")),'Evaluation table'!$B$3:$F$3,0)),"?")) | Q28: =IF(OR(H28="",I28=""),"",IFERROR(INDEX('Evaluation table'!$B$4:$F$8,MATCH(TRIM(SUBSTITUTE(H28,"’","'")),'Evaluation table'!$A$4:$A$8,0),MATCH(TRIM(SUBSTITUTE(I28,"’","'")),'Evaluation table'!$B$3:$F$3,0)),"?")) | R28: =IF(OR(J28="",K28=""),"",IFERROR(INDEX('Evaluation table'!$B$4:$F$8,MATCH(TRIM(SUBSTITUTE(J28,"’","'")),'Evaluation table'!$A$4:$A$8,0),MATCH(TRIM(SUBSTITUTE(K28,"’","'")),'Evaluation table'!$B$3:$F$3,0)),"?")) | S28: =IF(OR(L28="",M28=""),"",IFERROR(INDEX('Evaluation table'!$B$4:$F$8,MATCH(TRIM(SUBSTITUTE(L28,"’","'")),'Evaluation table'!$A$4:$A$8,0),MATCH(TRIM(SUBSTITUTE(M28,"’","'")),'Evaluation table'!$B$3:$F$3,0)),"?"))
A29: 11 | B29: I'm neutral | C29: I dislike it | D29: I like it | E29: I'm neutral | F29: I'm neutral | G29: I'm neutral | H29: I like it | I29: I'm neutral | J29: I like it | K29: I dislike it | L29: I dislike it | M29: I'm neutral | N29: =IF(OR(B29="",C29=""),"",IFERROR(INDEX('Evaluation table'!$B$4:$F$8,MATCH(TRIM(SUBSTITUTE(B29,"’","'")),'Evaluation table'!$A$4:$A$8,0),MATCH(TRIM(SUBSTITUTE(C29,"’","'")),'Evaluation table'!$B$3:$F$3,0)),"?")) | O29: =IF(OR(D29="",E29=""),"",IFERROR(INDEX('Evaluation table'!$B$4:$F$8,MATCH(TRIM(SUBSTITUTE(D29,"’","'")),'Evaluation table'!$A$4:$A$8,0),MATCH(TRIM(SUBSTITUTE(E29,"’","'")),'Evaluation table'!$B$3:$F$3,0)),"?")) | P29: =IF(OR(F29="",G29=""),"",IFERROR(INDEX('Evaluation table'!$B$4:$F$8,MATCH(TRIM(SUBSTITUTE(F29,"’","'")),'Evaluation table'!$A$4:$A$8,0),MATCH(TRIM(SUBSTITUTE(G29,"’","'")),'Evaluation table'!$B$3:$F$3,0)),"?")) | Q29: =IF(OR(H29="",I29=""),"",IFERROR(INDEX('Evaluation table'!$B$4:$F$8,MATCH(TRIM(SUBSTITUTE(H29,"’","'")),'Evaluation table'!$A$4:$A$8,0),MATCH(TRIM(SUBSTITUTE(I29,"’","'")),'Evaluation table'!$B$3:$F$3,0)),"?")) | R29: =IF(OR(J29="",K29=""),"",IFERROR(INDEX('Evaluation table'!$B$4:$F$8,MATCH(TRIM(SUBSTITUTE(J29,"’","'")),'Evaluation table'!$A$4:$A$8,0),MATCH(TRIM(SUBSTITUTE(K29,"’","'")),'Evaluation table'!$B$3:$F$3,0)),"?")) | S29: =IF(OR(L29="",M29=""),"",IFERROR(INDEX('Evaluation table'!$B$4:$F$8,MATCH(TRIM(SUBSTITUTE(L29,"’","'")),'Evaluation table'!$A$4:$A$8,0),MATCH(TRIM(SUBSTITUTE(M29,"’","'")),'Evaluation table'!$B$3:$F$3,0)),"?"))
A30: 12 | B30: I expect it | C30: I dislike it | D30: I like it | E30: I can tolerate it | F30: I like it | G30: I'm neutral | H30: I like it | I30: I can tolerate it | J30: I like it | K30: I dislike it | L30: I can tolerate it | M30: I dislike it | N30: =IF(OR(B30="",C30=""),"",IFERROR(INDEX('Evaluation table'!$B$4:$F$8,MATCH(TRIM(SUBSTITUTE(B30,"’","'")),'Evaluation table'!$A$4:$A$8,0),MATCH(TRIM(SUBSTITUTE(C30,"’","'")),'Evaluation table'!$B$3:$F$3,0)),"?")) | O30: =IF(OR(D30="",E30=""),"",IFERROR(INDEX('Evaluation table'!$B$4:$F$8,MATCH(TRIM(SUBSTITUTE(D30,"’","'")),'Evaluation table'!$A$4:$A$8,0),MATCH(TRIM(SUBSTITUTE(E30,"’","'")),'Evaluation table'!$B$3:$F$3,0)),"?")) | P30: =IF(OR(F30="",G30=""),"",IFERROR(INDEX('Evaluation table'!$B$4:$F$8,MATCH(TRIM(SUBSTITUTE(F30,"’","'")),'Evaluation table'!$A$4:$A$8,0),MATCH(TRIM(SUBSTITUTE(G30,"’","'")),'Evaluation table'!$B$3:$F$3,0)),"?")) | Q30: =IF(OR(H30="",I30=""),"",IFERROR(INDEX('Evaluation table'!$B$4:$F$8,MATCH(TRIM(SUBSTITUTE(H30,"’","'")),'Evaluation table'!$A$4:$A$8,0),MATCH(TRIM(SUBSTITUTE(I30,"’","'")),'Evaluation table'!$B$3:$F$3,0)),"?")) | R30: =IF(OR(J30="",K30=""),"",IFERROR(INDEX('Evaluation table'!$B$4:$F$8,MATCH(TRIM(SUBSTITUTE(J30,"’","'")),'Evaluation table'!$A$4:$A$8,0),MATCH(TRIM(SUBSTITUTE(K30,"’","'")),'Evaluation table'!$B$3:$F$3,0)),"?")) | S30: =IF(OR(L30="",M30=""),"",IFERROR(INDEX('Evaluation table'!$B$4:$F$8,MATCH(TRIM(SUBSTITUTE(L30,"’","'")),'Evaluation table'!$A$4:$A$8,0),MATCH(TRIM(SUBSTITUTE(M30,"’","'")),'Evaluation table'!$B$3:$F$3,0)),"?"))
... A168: 150 | B168: I can tolerate it | C168: I'm neutral | D168: I expect it | E168: I dislike it | F168: I like it | G168: I'm neutral | H168: I expect it | I168: I'm neutral | J168: I like it | K168: I'm neutral | L168: I like it | M168: I'm neutral | N168: =IF(OR(B168="",C168=""),"",IFERROR(INDEX('Evaluation table'!$B$4:$F$8,MATCH(TRIM(SUBSTITUTE(B168,"’","'")),'Evaluation table'!$A$4:$A$8,0),MATCH(TRIM(SUBSTITUTE(C168,"’","'")),'Evaluation table'!$B$3:$F$3,0)),"?")) | O168: =IF(OR(D168="",E168=""),"",IFERROR(INDEX('Evaluation table'!$B$4:$F$8,MATCH(TRIM(SUBSTITUTE(D168,"’","'")),'Evaluation table'!$A$4:$A$8,0),MATCH(TRIM(SUBSTITUTE(E168,"’","'")),'Evaluation table'!$B$3:$F$3,0)),"?")) | P168: =IF(OR(F168="",G168=""),"",IFERROR(INDEX('Evaluation table'!$B$4:$F$8,MATCH(TRIM(SUBSTITUTE(F168,"’","'")),'Evaluation table'!$A$4:$A$8,0),MATCH(TRIM(SUBSTITUTE(G168,"’","'")),'Evaluation table'!$B$3:$F$3,0)),"?")) | Q168: =IF(OR(H168="",I168=""),"",IFERROR(INDEX('Evaluation table'!$B$4:$F$8,MATCH(TRIM(SUBSTITUTE(H168,"’","'")),'Evaluation table'!$A$4:$A$8,0),MATCH(TRIM(SUBSTITUTE(I168,"’","'")),'Evaluation table'!$B$3:$F$3,0)),"?")) | R168: =IF(OR(J168="",K168=""),"",IFERROR(INDEX('Evaluation table'!$B$4:$F$8,MATCH(TRIM(SUBSTITUTE(J168,"’","'")),'Evaluation table'!$A$4:$A$8,0),MATCH(TRIM(SUBSTITUTE(K168,"’","'")),'Evaluation table'!$B$3:$F$3,0)),"?")) | S168: =IF(OR(L168="",M168=""),"",IFERROR(INDEX('Evaluation table'!$B$4:$F$8,MATCH(TRIM(SUBSTITUTE(L168,"’","'")),'Evaluation table'!$A$4:$A$8,0),MATCH(TRIM(SUBSTITUTE(M168,"’","'")),'Evaluation table'!$B$3:$F$3,0)),"?"))

Sheet Kano · your features
A1: Kano · your features
A2: Paste the 12 answer columns (values only) into B19. Categories fill from the Evaluation table; the summary and chart update.
A4: Feature | B4: Must-be | C4: One-dimensional | D4: Attractive | E4: Indifferent | F4: Reverse | G4: Top category | H4: Runner-up | I4: Q dropped | J4: Valid
A5: Feature 1 | B5: =IF($J5=0,"",COUNTIF($N$19:$N$168,"M")/$J5) | C5: =IF($J5=0,"",COUNTIF($N$19:$N$168,"O")/$J5) | D5: =IF($J5=0,"",COUNTIF($N$19:$N$168,"A")/$J5) | E5: =IF($J5=0,"",COUNTIF($N$19:$N$168,"I")/$J5) | F5: =IF($J5=0,"",COUNTIF($N$19:$N$168,"R")/$J5) | G5: =IF($J5=0,"",INDEX($B$4:$F$4,MATCH(MAX($B5:$F5),$B5:$F5,0))) | H5: =IF($J5=0,"",INDEX($B$4:$F$4,MATCH(LARGE($B5:$F5,2),$B5:$F5,0))) | I5: =COUNTIF($N$19:$N$168,"Q") | J5: =COUNTIF($N$19:$N$168,"M")+COUNTIF($N$19:$N$168,"O")+COUNTIF($N$19:$N$168,"A")+COUNTIF($N$19:$N$168,"I")+COUNTIF($N$19:$N$168,"R")
A6: Feature 2 | B6: =IF($J6=0,"",COUNTIF($O$19:$O$168,"M")/$J6) | C6: =IF($J6=0,"",COUNTIF($O$19:$O$168,"O")/$J6) | D6: =IF($J6=0,"",COUNTIF($O$19:$O$168,"A")/$J6) | E6: =IF($J6=0,"",COUNTIF($O$19:$O$168,"I")/$J6) | F6: =IF($J6=0,"",COUNTIF($O$19:$O$168,"R")/$J6) | G6: =IF($J6=0,"",INDEX($B$4:$F$4,MATCH(MAX($B6:$F6),$B6:$F6,0))) | H6: =IF($J6=0,"",INDEX($B$4:$F$4,MATCH(LARGE($B6:$F6,2),$B6:$F6,0))) | I6: =COUNTIF($O$19:$O$168,"Q") | J6: =COUNTIF($O$19:$O$168,"M")+COUNTIF($O$19:$O$168,"O")+COUNTIF($O$19:$O$168,"A")+COUNTIF($O$19:$O$168,"I")+COUNTIF($O$19:$O$168,"R")
A7: Feature 3 | B7: =IF($J7=0,"",COUNTIF($P$19:$P$168,"M")/$J7) | C7: =IF($J7=0,"",COUNTIF($P$19:$P$168,"O")/$J7) | D7: =IF($J7=0,"",COUNTIF($P$19:$P$168,"A")/$J7) | E7: =IF($J7=0,"",COUNTIF($P$19:$P$168,"I")/$J7) | F7: =IF($J7=0,"",COUNTIF($P$19:$P$168,"R")/$J7) | G7: =IF($J7=0,"",INDEX($B$4:$F$4,MATCH(MAX($B7:$F7),$B7:$F7,0))) | H7: =IF($J7=0,"",INDEX($B$4:$F$4,MATCH(LARGE($B7:$F7,2),$B7:$F7,0))) | I7: =COUNTIF($P$19:$P$168,"Q") | J7: =COUNTIF($P$19:$P$168,"M")+COUNTIF($P$19:$P$168,"O")+COUNTIF($P$19:$P$168,"A")+COUNTIF($P$19:$P$168,"I")+COUNTIF($P$19:$P$168,"R")
A8: Feature 4 | B8: =IF($J8=0,"",COUNTIF($Q$19:$Q$168,"M")/$J8) | C8: =IF($J8=0,"",COUNTIF($Q$19:$Q$168,"O")/$J8) | D8: =IF($J8=0,"",COUNTIF($Q$19:$Q$168,"A")/$J8) | E8: =IF($J8=0,"",COUNTIF($Q$19:$Q$168,"I")/$J8) | F8: =IF($J8=0,"",COUNTIF($Q$19:$Q$168,"R")/$J8) | G8: =IF($J8=0,"",INDEX($B$4:$F$4,MATCH(MAX($B8:$F8),$B8:$F8,0))) | H8: =IF($J8=0,"",INDEX($B$4:$F$4,MATCH(LARGE($B8:$F8,2),$B8:$F8,0))) | I8: =COUNTIF($Q$19:$Q$168,"Q") | J8: =COUNTIF($Q$19:$Q$168,"M")+COUNTIF($Q$19:$Q$168,"O")+COUNTIF($Q$19:$Q$168,"A")+COUNTIF($Q$19:$Q$168,"I")+COUNTIF($Q$19:$Q$168,"R")
A9: Feature 5 | B9: =IF($J9=0,"",COUNTIF($R$19:$R$168,"M")/$J9) | C9: =IF($J9=0,"",COUNTIF($R$19:$R$168,"O")/$J9) | D9: =IF($J9=0,"",COUNTIF($R$19:$R$168,"A")/$J9) | E9: =IF($J9=0,"",COUNTIF($R$19:$R$168,"I")/$J9) | F9: =IF($J9=0,"",COUNTIF($R$19:$R$168,"R")/$J9) | G9: =IF($J9=0,"",INDEX($B$4:$F$4,MATCH(MAX($B9:$F9),$B9:$F9,0))) | H9: =IF($J9=0,"",INDEX($B$4:$F$4,MATCH(LARGE($B9:$F9,2),$B9:$F9,0))) | I9: =COUNTIF($R$19:$R$168,"Q") | J9: =COUNTIF($R$19:$R$168,"M")+COUNTIF($R$19:$R$168,"O")+COUNTIF($R$19:$R$168,"A")+COUNTIF($R$19:$R$168,"I")+COUNTIF($R$19:$R$168,"R")
A10: Feature 6 | B10: =IF($J10=0,"",COUNTIF($S$19:$S$168,"M")/$J10) | C10: =IF($J10=0,"",COUNTIF($S$19:$S$168,"O")/$J10) | D10: =IF($J10=0,"",COUNTIF($S$19:$S$168,"A")/$J10) | E10: =IF($J10=0,"",COUNTIF($S$19:$S$168,"I")/$J10) | F10: =IF($J10=0,"",COUNTIF($S$19:$S$168,"R")/$J10) | G10: =IF($J10=0,"",INDEX($B$4:$F$4,MATCH(MAX($B10:$F10),$B10:$F10,0))) | H10: =IF($J10=0,"",INDEX($B$4:$F$4,MATCH(LARGE($B10:$F10,2),$B10:$F10,0))) | I10: =COUNTIF($S$19:$S$168,"Q") | J10: =COUNTIF($S$19:$S$168,"M")+COUNTIF($S$19:$S$168,"O")+COUNTIF($S$19:$S$168,"A")+COUNTIF($S$19:$S$168,"I")+COUNTIF($S$19:$S$168,"R")
A12: Read the runner-up too: two close categories = contested, not settled. Many Q? Rewrite the question.
A18: # | B18: Feature 1 · with | C18: Feature 1 · without | D18: Feature 2 · with | E18: Feature 2 · without | F18: Feature 3 · with | G18: Feature 3 · without | H18: Feature 4 · with | I18: Feature 4 · without | J18: Feature 5 · with | K18: Feature 5 · without | L18: Feature 6 · with | M18: Feature 6 · without | N18: Feature 1 · category | O18: Feature 2 · category | P18: Feature 3 · category | Q18: Feature 4 · category | R18: Feature 5 · category | S18: Feature 6 · category
A19: 1 | N19: =IF(OR(B19="",C19=""),"",IFERROR(INDEX('Evaluation table'!$B$4:$F$8,MATCH(TRIM(SUBSTITUTE(B19,"’","'")),'Evaluation table'!$A$4:$A$8,0),MATCH(TRIM(SUBSTITUTE(C19,"’","'")),'Evaluation table'!$B$3:$F$3,0)),"?")) | O19: =IF(OR(D19="",E19=""),"",IFERROR(INDEX('Evaluation table'!$B$4:$F$8,MATCH(TRIM(SUBSTITUTE(D19,"’","'")),'Evaluation table'!$A$4:$A$8,0),MATCH(TRIM(SUBSTITUTE(E19,"’","'")),'Evaluation table'!$B$3:$F$3,0)),"?")) | P19: =IF(OR(F19="",G19=""),"",IFERROR(INDEX('Evaluation table'!$B$4:$F$8,MATCH(TRIM(SUBSTITUTE(F19,"’","'")),'Evaluation table'!$A$4:$A$8,0),MATCH(TRIM(SUBSTITUTE(G19,"’","'")),'Evaluation table'!$B$3:$F$3,0)),"?")) | Q19: =IF(OR(H19="",I19=""),"",IFERROR(INDEX('Evaluation table'!$B$4:$F$8,MATCH(TRIM(SUBSTITUTE(H19,"’","'")),'Evaluation table'!$A$4:$A$8,0),MATCH(TRIM(SUBSTITUTE(I19,"’","'")),'Evaluation table'!$B$3:$F$3,0)),"?")) | R19: =IF(OR(J19="",K19=""),"",IFERROR(INDEX('Evaluation table'!$B$4:$F$8,MATCH(TRIM(SUBSTITUTE(J19,"’","'")),'Evaluation table'!$A$4:$A$8,0),MATCH(TRIM(SUBSTITUTE(K19,"’","'")),'Evaluation table'!$B$3:$F$3,0)),"?")) | S19: =IF(OR(L19="",M19=""),"",IFERROR(INDEX('Evaluation table'!$B$4:$F$8,MATCH(TRIM(SUBSTITUTE(L19,"’","'")),'Evaluation table'!$A$4:$A$8,0),MATCH(TRIM(SUBSTITUTE(M19,"’","'")),'Evaluation table'!$B$3:$F$3,0)),"?"))
A20: 2 | N20: =IF(OR(B20="",C20=""),"",IFERROR(INDEX('Evaluation table'!$B$4:$F$8,MATCH(TRIM(SUBSTITUTE(B20,"’","'")),'Evaluation table'!$A$4:$A$8,0),MATCH(TRIM(SUBSTITUTE(C20,"’","'")),'Evaluation table'!$B$3:$F$3,0)),"?")) | O20: =IF(OR(D20="",E20=""),"",IFERROR(INDEX('Evaluation table'!$B$4:$F$8,MATCH(TRIM(SUBSTITUTE(D20,"’","'")),'Evaluation table'!$A$4:$A$8,0),MATCH(TRIM(SUBSTITUTE(E20,"’","'")),'Evaluation table'!$B$3:$F$3,0)),"?")) | P20: =IF(OR(F20="",G20=""),"",IFERROR(INDEX('Evaluation table'!$B$4:$F$8,MATCH(TRIM(SUBSTITUTE(F20,"’","'")),'Evaluation table'!$A$4:$A$8,0),MATCH(TRIM(SUBSTITUTE(G20,"’","'")),'Evaluation table'!$B$3:$F$3,0)),"?")) | Q20: =IF(OR(H20="",I20=""),"",IFERROR(INDEX('Evaluation table'!$B$4:$F$8,MATCH(TRIM(SUBSTITUTE(H20,"’","'")),'Evaluation table'!$A$4:$A$8,0),MATCH(TRIM(SUBSTITUTE(I20,"’","'")),'Evaluation table'!$B$3:$F$3,0)),"?")) | R20: =IF(OR(J20="",K20=""),"",IFERROR(INDEX('Evaluation table'!$B$4:$F$8,MATCH(TRIM(SUBSTITUTE(J20,"’","'")),'Evaluation table'!$A$4:$A$8,0),MATCH(TRIM(SUBSTITUTE(K20,"’","'")),'Evaluation table'!$B$3:$F$3,0)),"?")) | S20: =IF(OR(L20="",M20=""),"",IFERROR(INDEX('Evaluation table'!$B$4:$F$8,MATCH(TRIM(SUBSTITUTE(L20,"’","'")),'Evaluation table'!$A$4:$A$8,0),MATCH(TRIM(SUBSTITUTE(M20,"’","'")),'Evaluation table'!$B$3:$F$3,0)),"?"))
A21: 3 | N21: =IF(OR(B21="",C21=""),"",IFERROR(INDEX('Evaluation table'!$B$4:$F$8,MATCH(TRIM(SUBSTITUTE(B21,"’","'")),'Evaluation table'!$A$4:$A$8,0),MATCH(TRIM(SUBSTITUTE(C21,"’","'")),'Evaluation table'!$B$3:$F$3,0)),"?")) | O21: =IF(OR(D21="",E21=""),"",IFERROR(INDEX('Evaluation table'!$B$4:$F$8,MATCH(TRIM(SUBSTITUTE(D21,"’","'")),'Evaluation table'!$A$4:$A$8,0),MATCH(TRIM(SUBSTITUTE(E21,"’","'")),'Evaluation table'!$B$3:$F$3,0)),"?")) | P21: =IF(OR(F21="",G21=""),"",IFERROR(INDEX('Evaluation table'!$B$4:$F$8,MATCH(TRIM(SUBSTITUTE(F21,"’","'")),'Evaluation table'!$A$4:$A$8,0),MATCH(TRIM(SUBSTITUTE(G21,"’","'")),'Evaluation table'!$B$3:$F$3,0)),"?")) | Q21: =IF(OR(H21="",I21=""),"",IFERROR(INDEX('Evaluation table'!$B$4:$F$8,MATCH(TRIM(SUBSTITUTE(H21,"’","'")),'Evaluation table'!$A$4:$A$8,0),MATCH(TRIM(SUBSTITUTE(I21,"’","'")),'Evaluation table'!$B$3:$F$3,0)),"?")) | R21: =IF(OR(J21="",K21=""),"",IFERROR(INDEX('Evaluation table'!$B$4:$F$8,MATCH(TRIM(SUBSTITUTE(J21,"’","'")),'Evaluation table'!$A$4:$A$8,0),MATCH(TRIM(SUBSTITUTE(K21,"’","'")),'Evaluation table'!$B$3:$F$3,0)),"?")) | S21: =IF(OR(L21="",M21=""),"",IFERROR(INDEX('Evaluation table'!$B$4:$F$8,MATCH(TRIM(SUBSTITUTE(L21,"’","'")),'Evaluation table'!$A$4:$A$8,0),MATCH(TRIM(SUBSTITUTE(M21,"’","'")),'Evaluation table'!$B$3:$F$3,0)),"?"))
A22: 4 | N22: =IF(OR(B22="",C22=""),"",IFERROR(INDEX('Evaluation table'!$B$4:$F$8,MATCH(TRIM(SUBSTITUTE(B22,"’","'")),'Evaluation table'!$A$4:$A$8,0),MATCH(TRIM(SUBSTITUTE(C22,"’","'")),'Evaluation table'!$B$3:$F$3,0)),"?")) | O22: =IF(OR(D22="",E22=""),"",IFERROR(INDEX('Evaluation table'!$B$4:$F$8,MATCH(TRIM(SUBSTITUTE(D22,"’","'")),'Evaluation table'!$A$4:$A$8,0),MATCH(TRIM(SUBSTITUTE(E22,"’","'")),'Evaluation table'!$B$3:$F$3,0)),"?")) | P22: =IF(OR(F22="",G22=""),"",IFERROR(INDEX('Evaluation table'!$B$4:$F$8,MATCH(TRIM(SUBSTITUTE(F22,"’","'")),'Evaluation table'!$A$4:$A$8,0),MATCH(TRIM(SUBSTITUTE(G22,"’","'")),'Evaluation table'!$B$3:$F$3,0)),"?")) | Q22: =IF(OR(H22="",I22=""),"",IFERROR(INDEX('Evaluation table'!$B$4:$F$8,MATCH(TRIM(SUBSTITUTE(H22,"’","'")),'Evaluation table'!$A$4:$A$8,0),MATCH(TRIM(SUBSTITUTE(I22,"’","'")),'Evaluation table'!$B$3:$F$3,0)),"?")) | R22: =IF(OR(J22="",K22=""),"",IFERROR(INDEX('Evaluation table'!$B$4:$F$8,MATCH(TRIM(SUBSTITUTE(J22,"’","'")),'Evaluation table'!$A$4:$A$8,0),MATCH(TRIM(SUBSTITUTE(K22,"’","'")),'Evaluation table'!$B$3:$F$3,0)),"?")) | S22: =IF(OR(L22="",M22=""),"",IFERROR(INDEX('Evaluation table'!$B$4:$F$8,MATCH(TRIM(SUBSTITUTE(L22,"’","'")),'Evaluation table'!$A$4:$A$8,0),MATCH(TRIM(SUBSTITUTE(M22,"’","'")),'Evaluation table'!$B$3:$F$3,0)),"?"))
A23: 5 | N23: =IF(OR(B23="",C23=""),"",IFERROR(INDEX('Evaluation table'!$B$4:$F$8,MATCH(TRIM(SUBSTITUTE(B23,"’","'")),'Evaluation table'!$A$4:$A$8,0),MATCH(TRIM(SUBSTITUTE(C23,"’","'")),'Evaluation table'!$B$3:$F$3,0)),"?")) | O23: =IF(OR(D23="",E23=""),"",IFERROR(INDEX('Evaluation table'!$B$4:$F$8,MATCH(TRIM(SUBSTITUTE(D23,"’","'")),'Evaluation table'!$A$4:$A$8,0),MATCH(TRIM(SUBSTITUTE(E23,"’","'")),'Evaluation table'!$B$3:$F$3,0)),"?")) | P23: =IF(OR(F23="",G23=""),"",IFERROR(INDEX('Evaluation table'!$B$4:$F$8,MATCH(TRIM(SUBSTITUTE(F23,"’","'")),'Evaluation table'!$A$4:$A$8,0),MATCH(TRIM(SUBSTITUTE(G23,"’","'")),'Evaluation table'!$B$3:$F$3,0)),"?")) | Q23: =IF(OR(H23="",I23=""),"",IFERROR(INDEX('Evaluation table'!$B$4:$F$8,MATCH(TRIM(SUBSTITUTE(H23,"’","'")),'Evaluation table'!$A$4:$A$8,0),MATCH(TRIM(SUBSTITUTE(I23,"’","'")),'Evaluation table'!$B$3:$F$3,0)),"?")) | R23: =IF(OR(J23="",K23=""),"",IFERROR(INDEX('Evaluation table'!$B$4:$F$8,MATCH(TRIM(SUBSTITUTE(J23,"’","'")),'Evaluation table'!$A$4:$A$8,0),MATCH(TRIM(SUBSTITUTE(K23,"’","'")),'Evaluation table'!$B$3:$F$3,0)),"?")) | S23: =IF(OR(L23="",M23=""),"",IFERROR(INDEX('Evaluation table'!$B$4:$F$8,MATCH(TRIM(SUBSTITUTE(L23,"’","'")),'Evaluation table'!$A$4:$A$8,0),MATCH(TRIM(SUBSTITUTE(M23,"’","'")),'Evaluation table'!$B$3:$F$3,0)),"?"))
A24: 6 | N24: =IF(OR(B24="",C24=""),"",IFERROR(INDEX('Evaluation table'!$B$4:$F$8,MATCH(TRIM(SUBSTITUTE(B24,"’","'")),'Evaluation table'!$A$4:$A$8,0),MATCH(TRIM(SUBSTITUTE(C24,"’","'")),'Evaluation table'!$B$3:$F$3,0)),"?")) | O24: =IF(OR(D24="",E24=""),"",IFERROR(INDEX('Evaluation table'!$B$4:$F$8,MATCH(TRIM(SUBSTITUTE(D24,"’","'")),'Evaluation table'!$A$4:$A$8,0),MATCH(TRIM(SUBSTITUTE(E24,"’","'")),'Evaluation table'!$B$3:$F$3,0)),"?")) | P24: =IF(OR(F24="",G24=""),"",IFERROR(INDEX('Evaluation table'!$B$4:$F$8,MATCH(TRIM(SUBSTITUTE(F24,"’","'")),'Evaluation table'!$A$4:$A$8,0),MATCH(TRIM(SUBSTITUTE(G24,"’","'")),'Evaluation table'!$B$3:$F$3,0)),"?")) | Q24: =IF(OR(H24="",I24=""),"",IFERROR(INDEX('Evaluation table'!$B$4:$F$8,MATCH(TRIM(SUBSTITUTE(H24,"’","'")),'Evaluation table'!$A$4:$A$8,0),MATCH(TRIM(SUBSTITUTE(I24,"’","'")),'Evaluation table'!$B$3:$F$3,0)),"?")) | R24: =IF(OR(J24="",K24=""),"",IFERROR(INDEX('Evaluation table'!$B$4:$F$8,MATCH(TRIM(SUBSTITUTE(J24,"’","'")),'Evaluation table'!$A$4:$A$8,0),MATCH(TRIM(SUBSTITUTE(K24,"’","'")),'Evaluation table'!$B$3:$F$3,0)),"?")) | S24: =IF(OR(L24="",M24=""),"",IFERROR(INDEX('Evaluation table'!$B$4:$F$8,MATCH(TRIM(SUBSTITUTE(L24,"’","'")),'Evaluation table'!$A$4:$A$8,0),MATCH(TRIM(SUBSTITUTE(M24,"’","'")),'Evaluation table'!$B$3:$F$3,0)),"?"))
A25: 7 | N25: =IF(OR(B25="",C25=""),"",IFERROR(INDEX('Evaluation table'!$B$4:$F$8,MATCH(TRIM(SUBSTITUTE(B25,"’","'")),'Evaluation table'!$A$4:$A$8,0),MATCH(TRIM(SUBSTITUTE(C25,"’","'")),'Evaluation table'!$B$3:$F$3,0)),"?")) | O25: =IF(OR(D25="",E25=""),"",IFERROR(INDEX('Evaluation table'!$B$4:$F$8,MATCH(TRIM(SUBSTITUTE(D25,"’","'")),'Evaluation table'!$A$4:$A$8,0),MATCH(TRIM(SUBSTITUTE(E25,"’","'")),'Evaluation table'!$B$3:$F$3,0)),"?")) | P25: =IF(OR(F25="",G25=""),"",IFERROR(INDEX('Evaluation table'!$B$4:$F$8,MATCH(TRIM(SUBSTITUTE(F25,"’","'")),'Evaluation table'!$A$4:$A$8,0),MATCH(TRIM(SUBSTITUTE(G25,"’","'")),'Evaluation table'!$B$3:$F$3,0)),"?")) | Q25: =IF(OR(H25="",I25=""),"",IFERROR(INDEX('Evaluation table'!$B$4:$F$8,MATCH(TRIM(SUBSTITUTE(H25,"’","'")),'Evaluation table'!$A$4:$A$8,0),MATCH(TRIM(SUBSTITUTE(I25,"’","'")),'Evaluation table'!$B$3:$F$3,0)),"?")) | R25: =IF(OR(J25="",K25=""),"",IFERROR(INDEX('Evaluation table'!$B$4:$F$8,MATCH(TRIM(SUBSTITUTE(J25,"’","'")),'Evaluation table'!$A$4:$A$8,0),MATCH(TRIM(SUBSTITUTE(K25,"’","'")),'Evaluation table'!$B$3:$F$3,0)),"?")) | S25: =IF(OR(L25="",M25=""),"",IFERROR(INDEX('Evaluation table'!$B$4:$F$8,MATCH(TRIM(SUBSTITUTE(L25,"’","'")),'Evaluation table'!$A$4:$A$8,0),MATCH(TRIM(SUBSTITUTE(M25,"’","'")),'Evaluation table'!$B$3:$F$3,0)),"?"))
A26: 8 | N26: =IF(OR(B26="",C26=""),"",IFERROR(INDEX('Evaluation table'!$B$4:$F$8,MATCH(TRIM(SUBSTITUTE(B26,"’","'")),'Evaluation table'!$A$4:$A$8,0),MATCH(TRIM(SUBSTITUTE(C26,"’","'")),'Evaluation table'!$B$3:$F$3,0)),"?")) | O26: =IF(OR(D26="",E26=""),"",IFERROR(INDEX('Evaluation table'!$B$4:$F$8,MATCH(TRIM(SUBSTITUTE(D26,"’","'")),'Evaluation table'!$A$4:$A$8,0),MATCH(TRIM(SUBSTITUTE(E26,"’","'")),'Evaluation table'!$B$3:$F$3,0)),"?")) | P26: =IF(OR(F26="",G26=""),"",IFERROR(INDEX('Evaluation table'!$B$4:$F$8,MATCH(TRIM(SUBSTITUTE(F26,"’","'")),'Evaluation table'!$A$4:$A$8,0),MATCH(TRIM(SUBSTITUTE(G26,"’","'")),'Evaluation table'!$B$3:$F$3,0)),"?")) | Q26: =IF(OR(H26="",I26=""),"",IFERROR(INDEX('Evaluation table'!$B$4:$F$8,MATCH(TRIM(SUBSTITUTE(H26,"’","'")),'Evaluation table'!$A$4:$A$8,0),MATCH(TRIM(SUBSTITUTE(I26,"’","'")),'Evaluation table'!$B$3:$F$3,0)),"?")) | R26: =IF(OR(J26="",K26=""),"",IFERROR(INDEX('Evaluation table'!$B$4:$F$8,MATCH(TRIM(SUBSTITUTE(J26,"’","'")),'Evaluation table'!$A$4:$A$8,0),MATCH(TRIM(SUBSTITUTE(K26,"’","'")),'Evaluation table'!$B$3:$F$3,0)),"?")) | S26: =IF(OR(L26="",M26=""),"",IFERROR(INDEX('Evaluation table'!$B$4:$F$8,MATCH(TRIM(SUBSTITUTE(L26,"’","'")),'Evaluation table'!$A$4:$A$8,0),MATCH(TRIM(SUBSTITUTE(M26,"’","'")),'Evaluation table'!$B$3:$F$3,0)),"?"))
A27: 9 | N27: =IF(OR(B27="",C27=""),"",IFERROR(INDEX('Evaluation table'!$B$4:$F$8,MATCH(TRIM(SUBSTITUTE(B27,"’","'")),'Evaluation table'!$A$4:$A$8,0),MATCH(TRIM(SUBSTITUTE(C27,"’","'")),'Evaluation table'!$B$3:$F$3,0)),"?")) | O27: =IF(OR(D27="",E27=""),"",IFERROR(INDEX('Evaluation table'!$B$4:$F$8,MATCH(TRIM(SUBSTITUTE(D27,"’","'")),'Evaluation table'!$A$4:$A$8,0),MATCH(TRIM(SUBSTITUTE(E27,"’","'")),'Evaluation table'!$B$3:$F$3,0)),"?")) | P27: =IF(OR(F27="",G27=""),"",IFERROR(INDEX('Evaluation table'!$B$4:$F$8,MATCH(TRIM(SUBSTITUTE(F27,"’","'")),'Evaluation table'!$A$4:$A$8,0),MATCH(TRIM(SUBSTITUTE(G27,"’","'")),'Evaluation table'!$B$3:$F$3,0)),"?")) | Q27: =IF(OR(H27="",I27=""),"",IFERROR(INDEX('Evaluation table'!$B$4:$F$8,MATCH(TRIM(SUBSTITUTE(H27,"’","'")),'Evaluation table'!$A$4:$A$8,0),MATCH(TRIM(SUBSTITUTE(I27,"’","'")),'Evaluation table'!$B$3:$F$3,0)),"?")) | R27: =IF(OR(J27="",K27=""),"",IFERROR(INDEX('Evaluation table'!$B$4:$F$8,MATCH(TRIM(SUBSTITUTE(J27,"’","'")),'Evaluation table'!$A$4:$A$8,0),MATCH(TRIM(SUBSTITUTE(K27,"’","'")),'Evaluation table'!$B$3:$F$3,0)),"?")) | S27: =IF(OR(L27="",M27=""),"",IFERROR(INDEX('Evaluation table'!$B$4:$F$8,MATCH(TRIM(SUBSTITUTE(L27,"’","'")),'Evaluation table'!$A$4:$A$8,0),MATCH(TRIM(SUBSTITUTE(M27,"’","'")),'Evaluation table'!$B$3:$F$3,0)),"?"))
A28: 10 | N28: =IF(OR(B28="",C28=""),"",IFERROR(INDEX('Evaluation table'!$B$4:$F$8,MATCH(TRIM(SUBSTITUTE(B28,"’","'")),'Evaluation table'!$A$4:$A$8,0),MATCH(TRIM(SUBSTITUTE(C28,"’","'")),'Evaluation table'!$B$3:$F$3,0)),"?")) | O28: =IF(OR(D28="",E28=""),"",IFERROR(INDEX('Evaluation table'!$B$4:$F$8,MATCH(TRIM(SUBSTITUTE(D28,"’","'")),'Evaluation table'!$A$4:$A$8,0),MATCH(TRIM(SUBSTITUTE(E28,"’","'")),'Evaluation table'!$B$3:$F$3,0)),"?")) | P28: =IF(OR(F28="",G28=""),"",IFERROR(INDEX('Evaluation table'!$B$4:$F$8,MATCH(TRIM(SUBSTITUTE(F28,"’","'")),'Evaluation table'!$A$4:$A$8,0),MATCH(TRIM(SUBSTITUTE(G28,"’","'")),'Evaluation table'!$B$3:$F$3,0)),"?")) | Q28: =IF(OR(H28="",I28=""),"",IFERROR(INDEX('Evaluation table'!$B$4:$F$8,MATCH(TRIM(SUBSTITUTE(H28,"’","'")),'Evaluation table'!$A$4:$A$8,0),MATCH(TRIM(SUBSTITUTE(I28,"’","'")),'Evaluation table'!$B$3:$F$3,0)),"?")) | R28: =IF(OR(J28="",K28=""),"",IFERROR(INDEX('Evaluation table'!$B$4:$F$8,MATCH(TRIM(SUBSTITUTE(J28,"’","'")),'Evaluation table'!$A$4:$A$8,0),MATCH(TRIM(SUBSTITUTE(K28,"’","'")),'Evaluation table'!$B$3:$F$3,0)),"?")) | S28: =IF(OR(L28="",M28=""),"",IFERROR(INDEX('Evaluation table'!$B$4:$F$8,MATCH(TRIM(SUBSTITUTE(L28,"’","'")),'Evaluation table'!$A$4:$A$8,0),MATCH(TRIM(SUBSTITUTE(M28,"’","'")),'Evaluation table'!$B$3:$F$3,0)),"?"))
A29: 11 | N29: =IF(OR(B29="",C29=""),"",IFERROR(INDEX('Evaluation table'!$B$4:$F$8,MATCH(TRIM(SUBSTITUTE(B29,"’","'")),'Evaluation table'!$A$4:$A$8,0),MATCH(TRIM(SUBSTITUTE(C29,"’","'")),'Evaluation table'!$B$3:$F$3,0)),"?")) | O29: =IF(OR(D29="",E29=""),"",IFERROR(INDEX('Evaluation table'!$B$4:$F$8,MATCH(TRIM(SUBSTITUTE(D29,"’","'")),'Evaluation table'!$A$4:$A$8,0),MATCH(TRIM(SUBSTITUTE(E29,"’","'")),'Evaluation table'!$B$3:$F$3,0)),"?")) | P29: =IF(OR(F29="",G29=""),"",IFERROR(INDEX('Evaluation table'!$B$4:$F$8,MATCH(TRIM(SUBSTITUTE(F29,"’","'")),'Evaluation table'!$A$4:$A$8,0),MATCH(TRIM(SUBSTITUTE(G29,"’","'")),'Evaluation table'!$B$3:$F$3,0)),"?")) | Q29: =IF(OR(H29="",I29=""),"",IFERROR(INDEX('Evaluation table'!$B$4:$F$8,MATCH(TRIM(SUBSTITUTE(H29,"’","'")),'Evaluation table'!$A$4:$A$8,0),MATCH(TRIM(SUBSTITUTE(I29,"’","'")),'Evaluation table'!$B$3:$F$3,0)),"?")) | R29: =IF(OR(J29="",K29=""),"",IFERROR(INDEX('Evaluation table'!$B$4:$F$8,MATCH(TRIM(SUBSTITUTE(J29,"’","'")),'Evaluation table'!$A$4:$A$8,0),MATCH(TRIM(SUBSTITUTE(K29,"’","'")),'Evaluation table'!$B$3:$F$3,0)),"?")) | S29: =IF(OR(L29="",M29=""),"",IFERROR(INDEX('Evaluation table'!$B$4:$F$8,MATCH(TRIM(SUBSTITUTE(L29,"’","'")),'Evaluation table'!$A$4:$A$8,0),MATCH(TRIM(SUBSTITUTE(M29,"’","'")),'Evaluation table'!$B$3:$F$3,0)),"?"))
A30: 12 | N30: =IF(OR(B30="",C30=""),"",IFERROR(INDEX('Evaluation table'!$B$4:$F$8,MATCH(TRIM(SUBSTITUTE(B30,"’","'")),'Evaluation table'!$A$4:$A$8,0),MATCH(TRIM(SUBSTITUTE(C30,"’","'")),'Evaluation table'!$B$3:$F$3,0)),"?")) | O30: =IF(OR(D30="",E30=""),"",IFERROR(INDEX('Evaluation table'!$B$4:$F$8,MATCH(TRIM(SUBSTITUTE(D30,"’","'")),'Evaluation table'!$A$4:$A$8,0),MATCH(TRIM(SUBSTITUTE(E30,"’","'")),'Evaluation table'!$B$3:$F$3,0)),"?")) | P30: =IF(OR(F30="",G30=""),"",IFERROR(INDEX('Evaluation table'!$B$4:$F$8,MATCH(TRIM(SUBSTITUTE(F30,"’","'")),'Evaluation table'!$A$4:$A$8,0),MATCH(TRIM(SUBSTITUTE(G30,"’","'")),'Evaluation table'!$B$3:$F$3,0)),"?")) | Q30: =IF(OR(H30="",I30=""),"",IFERROR(INDEX('Evaluation table'!$B$4:$F$8,MATCH(TRIM(SUBSTITUTE(H30,"’","'")),'Evaluation table'!$A$4:$A$8,0),MATCH(TRIM(SUBSTITUTE(I30,"’","'")),'Evaluation table'!$B$3:$F$3,0)),"?")) | R30: =IF(OR(J30="",K30=""),"",IFERROR(INDEX('Evaluation table'!$B$4:$F$8,MATCH(TRIM(SUBSTITUTE(J30,"’","'")),'Evaluation table'!$A$4:$A$8,0),MATCH(TRIM(SUBSTITUTE(K30,"’","'")),'Evaluation table'!$B$3:$F$3,0)),"?")) | S30: =IF(OR(L30="",M30=""),"",IFERROR(INDEX('Evaluation table'!$B$4:$F$8,MATCH(TRIM(SUBSTITUTE(L30,"’","'")),'Evaluation table'!$A$4:$A$8,0),MATCH(TRIM(SUBSTITUTE(M30,"’","'")),'Evaluation table'!$B$3:$F$3,0)),"?"))
... A168: 150 | N168: =IF(OR(B168="",C168=""),"",IFERROR(INDEX('Evaluation table'!$B$4:$F$8,MATCH(TRIM(SUBSTITUTE(B168,"’","'")),'Evaluation table'!$A$4:$A$8,0),MATCH(TRIM(SUBSTITUTE(C168,"’","'")),'Evaluation table'!$B$3:$F$3,0)),"?")) | O168: =IF(OR(D168="",E168=""),"",IFERROR(INDEX('Evaluation table'!$B$4:$F$8,MATCH(TRIM(SUBSTITUTE(D168,"’","'")),'Evaluation table'!$A$4:$A$8,0),MATCH(TRIM(SUBSTITUTE(E168,"’","'")),'Evaluation table'!$B$3:$F$3,0)),"?")) | P168: =IF(OR(F168="",G168=""),"",IFERROR(INDEX('Evaluation table'!$B$4:$F$8,MATCH(TRIM(SUBSTITUTE(F168,"’","'")),'Evaluation table'!$A$4:$A$8,0),MATCH(TRIM(SUBSTITUTE(G168,"’","'")),'Evaluation table'!$B$3:$F$3,0)),"?")) | Q168: =IF(OR(H168="",I168=""),"",IFERROR(INDEX('Evaluation table'!$B$4:$F$8,MATCH(TRIM(SUBSTITUTE(H168,"’","'")),'Evaluation table'!$A$4:$A$8,0),MATCH(TRIM(SUBSTITUTE(I168,"’","'")),'Evaluation table'!$B$3:$F$3,0)),"?")) | R168: =IF(OR(J168="",K168=""),"",IFERROR(INDEX('Evaluation table'!$B$4:$F$8,MATCH(TRIM(SUBSTITUTE(J168,"’","'")),'Evaluation table'!$A$4:$A$8,0),MATCH(TRIM(SUBSTITUTE(K168,"’","'")),'Evaluation table'!$B$3:$F$3,0)),"?")) | S168: =IF(OR(L168="",M168=""),"",IFERROR(INDEX('Evaluation table'!$B$4:$F$8,MATCH(TRIM(SUBSTITUTE(L168,"’","'")),'Evaluation table'!$A$4:$A$8,0),MATCH(TRIM(SUBSTITUTE(M168,"’","'")),'Evaluation table'!$B$3:$F$3,0)),"?"))

Sheet Evaluation table
A1: Kano evaluation table
A2: Row = answer WITH the feature (functional). Column = answer WITHOUT it (dysfunctional). Q pairs contradict themselves and are dropped.
A3: With ↓ / Without → | B3: I like it | C3: I expect it | D3: I'm neutral | E3: I can tolerate it | F3: I dislike it
A4: I like it | B4: Q | C4: A | D4: A | E4: A | F4: O
A5: I expect it | B5: R | C5: I | D5: I | E5: I | F5: M
A6: I'm neutral | B6: R | C6: I | D6: I | E6: I | F6: M
A7: I can tolerate it | B7: R | C7: I | D7: I | E7: I | F7: M
A8: I dislike it | B8: R | C8: R | D8: R | E8: R | F8: Q
A10: Key
A11: M | B11: Must-be
A12: O | B12: One-dimensional
A13: A | B13: Attractive
A14: I | B14: Indifferent
A15: R | B15: Reverse
A16: Q | B16: Questionable
A18: Source: Pomeroy & Smith, Microsoft, "Kano Best Practices". Researchers use slightly different tables; this one is common, not official.

Sheet Form questions
A1: Kano form questions · Tallyrow
A2: One wording pattern for every feature. Both questions use the same five answers. Describe what it lets people do, not its name.
A4: Feature | B4: With it (functional) | C4: Without it (dysfunctional)
A5: Payment link | B5: How do you feel if your clients can pay each invoice from a Pay now link inside it? | C5: How do you feel if your clients have to pay each invoice some other way, with no link inside it?
A6: Recurring invoices | B6: How do you feel if you set up a retainer once and Tallyrow sends that invoice for you every month? | C6: How do you feel if you have to create and send each retainer invoice yourself every month?
A7: Smart reminders | B7: How do you feel if Tallyrow sends each reminder when that client usually pays? | C7: How do you feel if reminders go out on the due date, the same for every client?
A8: Client portal | B8: How do you feel if your clients can see and pay all their invoices from you in one place? | C8: How do you feel if your clients can see each invoice only in its own email?
A9: Receipt capture | B9: How do you feel if you can photograph a receipt and Tallyrow logs the expense for you? | C9: How do you feel if you have to type in each expense yourself?
A10: Late-fee automation | B10: How do you feel if Tallyrow adds a late fee automatically when a client pays late? | C10: How do you feel if a late fee is added only when you add it yourself?
A12: Answers (same for both questions)
A13: I like it
A14: I expect it
A15: I'm neutral
A16: I can tolerate it
A17: I dislike it
A19: Before you send it
A20: Same wording pattern for every feature.
A21: Pilot with a few customers thinking aloud.
A22: Many questionable answers? Rewrite the question.
A23: Optional: one open text box. An AI assistant can group comments into themes; check them against raw comments.

Sheet Form questions · blank
A1: Kano form questions · your features
A2: One wording pattern for every feature. Both questions use the same five answers. Describe what it lets people do, not its name.
A4: Feature | B4: With it (functional) | C4: Without it (dysfunctional)
A5: Feature 1 | B5: How do you feel if …? | C5: How do you feel if … (it's not there)?
A6: Feature 2 | B6: How do you feel if …? | C6: How do you feel if … (it's not there)?
A7: Feature 3 | B7: How do you feel if …? | C7: How do you feel if … (it's not there)?
A8: Feature 4 | B8: How do you feel if …? | C8: How do you feel if … (it's not there)?
A9: Feature 5 | B9: How do you feel if …? | C9: How do you feel if … (it's not there)?
A10: Feature 6 | B10: How do you feel if …? | C10: How do you feel if … (it's not there)?
A12: Answers (same for both questions)
A13: I like it
A14: I expect it
A15: I'm neutral
A16: I can tolerate it
A17: I dislike it
A19: Before you send it
A20: Same wording pattern for every feature.
A21: Pilot with a few customers thinking aloud.
A22: Many questionable answers? Rewrite the question.
A23: Optional: one open text box. An AI assistant can group comments into themes; check them against raw comments.

Sheet Form responses
A1: Timestamp | B1: How do you feel if your clients can pay each invoice from a Pay now link inside it? | C1: How do you feel if your clients have to pay each invoice some other way, with no link inside it? | D1: How do you feel if you set up a retainer once and Tallyrow sends that invoice for you every month? | E1: How do you feel if you have to create and send each retainer invoice yourself every month? | F1: How do you feel if Tallyrow sends each reminder when that client usually pays? | G1: How do you feel if reminders go out on the due date, the same for every client? | H1: How do you feel if your clients can see and pay all their invoices from you in one place? | I1: How do you feel if your clients can see each invoice only in its own email? | J1: How do you feel if you can photograph a receipt and Tallyrow logs the expense for you? | K1: How do you feel if you have to type in each expense yourself? | L1: How do you feel if Tallyrow adds a late fee automatically when a client pays late? | M1: How do you feel if a late fee is added only when you add it yourself?
A2: 46279.407 | B2: I'm neutral | C2: I dislike it | D2: I expect it | E2: I dislike it | F2: I like it | G2: I'm neutral | H2: I like it | I2: I dislike it | J2: I expect it | K2: I dislike it | L2: I dislike it | M2: I like it
A3: 46279.422 | B3: I like it | C3: I dislike it | D3: I like it | E3: I dislike it | F3: I like it | G3: I'm neutral | H3: I dislike it | I3: I'm neutral | J3: I expect it | K3: I'm neutral | L3: I dislike it | M3: I'm neutral
A4: 46279.459 | B4: I expect it | C4: I'm neutral | D4: I like it | E4: I dislike it | F4: I can tolerate it | G4: I can tolerate it | H4: I like it | I4: I can tolerate it | J4: I expect it | K4: I'm neutral | L4: I like it | M4: I'm neutral
A5: 46279.519 | B5: I like it | C5: I dislike it | D5: I expect it | E5: I dislike it | F5: I dislike it | G5: I like it | H5: I like it | I5: I expect it | J5: I like it | K5: I'm neutral | L5: I dislike it | M5: I'm neutral
A6: 46279.525 | B6: I can tolerate it | C6: I dislike it | D6: I'm neutral | E6: I'm neutral | F6: I like it | G6: I can tolerate it | H6: I'm neutral | I6: I'm neutral | J6: I'm neutral | K6: I'm neutral | L6: I like it | M6: I expect it
A7: 46279.533 | B7: I like it | C7: I'm neutral | D7: I can tolerate it | E7: I dislike it | F7: I expect it | G7: I'm neutral | H7: I like it | I7: I'm neutral | J7: I like it | K7: I'm neutral | L7: I like it | M7: I'm neutral
A8: 46279.583 | B8: I expect it | C8: I dislike it | D8: I expect it | E8: I dislike it | F8: I like it | G8: I can tolerate it | H8: I can tolerate it | I8: I'm neutral | J8: I like it | K8: I'm neutral | L8: I dislike it | M8: I like it
A9: 46279.593 | B9: I like it | C9: I dislike it | D9: I can tolerate it | E9: I'm neutral | F9: I like it | G9: I dislike it | H9: I like it | I9: I expect it | J9: I'm neutral | K9: I can tolerate it | L9: I'm neutral | M9: I like it
A10: 46279.627 | B10: I can tolerate it | C10: I dislike it | D10: I like it | E10: I dislike it | F10: I like it | G10: I dislike it | H10: I'm neutral | I10: I like it | J10: I'm neutral | K10: I'm neutral | L10: I dislike it | M10: I can tolerate it
A11: 46279.681 | B11: I'm neutral | C11: I can tolerate it | D11: I like it | E11: I dislike it | F11: I like it | G11: I can tolerate it | H11: I'm neutral | I11: I'm neutral | J11: I'm neutral | K11: I'm neutral | L11: I expect it | M11: I'm neutral
A12: 46279.688 | B12: I'm neutral | C12: I dislike it | D12: I like it | E12: I'm neutral | F12: I'm neutral | G12: I'm neutral | H12: I like it | I12: I'm neutral | J12: I like it | K12: I dislike it | L12: I dislike it | M12: I'm neutral
A13: 46279.734 | B13: I expect it | C13: I dislike it | D13: I like it | E13: I can tolerate it | F13: I like it | G13: I'm neutral | H13: I like it | I13: I can tolerate it | J13: I like it | K13: I dislike it | L13: I can tolerate it | M13: I dislike it
... A151: 46284.499 | B151: I can tolerate it | C151: I'm neutral | D151: I expect it | E151: I dislike it | F151: I like it | G151: I'm neutral | H151: I expect it | I151: I'm neutral | J151: I like it | K151: I'm neutral | L151: I like it | M151: I'm neutral
